{
    "codeigniter": {
        "arch": "amd64",
        "digest": "992301b583eead8727e33668d1b39c70894d8733a47f68ba441bfb4af666ed55",
        "distro": "debian-10",
        "type": "NAMI",
        "version": "3.1.11-4"
    },
    "gosu": {
        "arch": "amd64",
        "digest": "fd7257c2736164d02832dbf72e2c1ed9d875bf3e32f0988520796bc503330129",
        "distro": "debian-10",
        "type": "NAMI",
        "version": "1.13.0-0"
    },
    "mysql-client": {
        "arch": "amd64",
        "digest": "47107f86621bb184307e47bbb15244d076575f0e0f7d339f198ef312b6f3f285",
        "distro": "debian-10",
        "type": "NAMI",
        "version": "10.3.30-0"
    },
    "php": {
        "arch": "amd64",
        "digest": "7daac9464051ab7ae075ec20e0d24ee99e95e133d2bca9e3bf78c1e6a3994424",
        "distro": "debian-10",
        "type": "NAMI",
        "version": "7.3.29-6"
    },
    "tini": {
        "arch": "amd64",
        "digest": "9b1f1c095944bac88a62c1b63f3bff1bb123aa7ccd371c908c0e5b41cec2528d",
        "distro": "debian-10",
        "type": "NAMI",
        "version": "0.19.0-1"
    }
}